old_sha	new_sha
01a77b6d781975418f759a7355179af5cac6ce41	bd1362df09a4541f8a76d4fd8c16baf37e482d44
07ab9beefbacc11ce4c1f742d766d59cb7a58474	a6fd66d9becdf9c9eec5a4372321282a5fbb0d03
18980a31e1929eb3cb29246011c5658025885a95	d4c808a1037f7392e50a0abad7348e24052b3337
25fa9288eedd12c4b752d059c68a79e767e640c7	7747e94c3f0c750c45904ae5eab4e7768fd329f1
41cf29a6454da2092fe3e584d5c752628decd22a	93ab42e65699eba4ed8f22e86e81fa59fcf746ab
41d052b09748cf61f8a3c848d6610e93718988a7	b12c0bd193210acb7ae0f4eb92434e9bf76670b7
45989a329e67da4c48fa9cc5ee28cc884a9c759d	fad53269525fff53f8cc10a5b3a1391fb6113062
48347c4c22ad13490a440fc5cc98ee1cb20cdd6f	389a4973bba051a6f1ac846e0dd5753219add386
4945698976fecf2bad0fef8ed1e5e91f1e565974	0a70f763b70056f7186f8be1ba483bce0e36b5a3
5304ed2a2b370a4a0c9c0735d45ca9d91715f219	ccd281559f86cd0fc94b49dd3cb85e95c09ce5ac
58792e556a0e5f358a2164ab3be12740a39eb9a0	20ae0f82db3a60ae492ac41dd1c95bd278d70b07
58f59e7980b6c77b3a8e5a73824146832ff9ef5c	db40465d2f3a1f2d23bc7e43475b40821a8dc0f2
6c18b700334f3c40b0a54d9371832c7b567f2629	ebe4e04e10875990d71fb96188ccbd6db8a97da1
85ef4310e59acc362ce57b95a904ceb423419501	cc3be3696d545fa6d963b7f1e26c9ea36d67ed12
8d7a8cda3f309093b37e1790bee2c9c603833954	b8706a8a8d8b8c12da2a53e9cc480bf6b8b8152b
aa23d6106954b4cd8d50efe6589f77155c8c60ee	ce5e9665aaf78aab4cb0e8abc3a736ad80276b73
b227c6235fbf0a9adef8eb89b0b9df169c64d4d7	e4e228934649bb71bf48038900bbccc0054d0707
b2aea44102ec08c43f50cbfe5fab2c6b5cab2a53	99b52517b286e9cf6862da6ed964550674ec44a7
b524aee6dc46b7bde87a811298f3fc42d80b7fb7	b3f62e64de6664cca55729e44a0d553d618a645d
b8e07214c571312dc8a59c62024978712d1fccb4	8806e06ea981ea436187fe47b81794d8173cec79
bbe756fa46f71bf470e34ddf001a9110845c6007	52977fa9492be7cd0eb3ebb70a514e1f80c6a1e0
cba3127a803318ed43b5e2145f9369a71e6db106	2111ca55fd715f8ce9ca9768acb4e9ab0a55bbed
d2eab9a1b25e821a762a83e7564e11082ace5f6c	68e4f4c340a0ffe58cdb94fb14c573e3cc8d388d
d4010782bf1c5812369f568c0a083c7c8f383902	a46a7044f777d439421568071de5ee9769ca88f0
dae47732b3dbe7bb26ea95e961532afa669fc6dd	b563880b86528e74453d16e8c7add81686d56264
e0dcd4da351e6d14a4687f47bcf92faf8f9dfc59	fa068aa7dcec078555d00a9b246bb3e998265812
e5b7e6341b701e0ada1d666e33e03092dbec0fee	b95b53e257e19a60917011c29309465df21f932e
f4309b464f05bc967985fb92fff3ab1c74bfd505	24d3141fd7203ebfc83c53600c94e37d196e2e56
fc5489927cfcaf4010e3256e6a029629c3e9e816	e429d20ce1fb56ffb428bf080412b8ee38bb404d
fc7f02c623b8c9bcce1536a035ae618a603b7e95	38585eb79c7b311d4ff311edbaac6bdac68cb3f0
fce3a5937f88a5af54094cc50e6c646e40c986c3	dbd183ed8e5d14c72b39bc11913be32cd270f5cc
